network_id,size,v0,effort
17000,200,230.0,0.48991615509098096
1076,200,230.0,0.5017656595712197
16743,200,230.0,0.5197070052429922
6962,200,230.0,0.5207165016908277
14940,200,230.0,0.5230280462940016
13346,200,230.0,0.5276528364989588
15709,200,230.0,0.5315635136226717
6577,200,230.0,0.5348325968165568
14716,200,230.0,0.5357555689740252
13966,200,230.0,0.5359909849962037
