network_id,size,v0,effort
13346,200,230.0,11.021367661929816
16163,200,230.0,11.227919810966654
5433,200,230.0,11.228238758029875
13734,200,230.0,11.233907756073819
15574,200,230.0,11.25774078470468
13403,200,230.0,11.4154401629809
19764,200,230.0,11.486976760393901
8238,200,230.0,11.503697641932689
9709,200,230.0,11.552099216979997
9166,200,230.0,11.647695597997739
